Dest Web Title,Dest Library Title,Dest Url,Dest Library Count,Source Library Count,Source Url
migrationdestination,Documents,https://sohodragonlabs.sharepoint.com/sites/migrationdestination/Shared Documents/Folder2,1,1,https://sohodragonlabs.sharepoint.com/sites/migrationdestination/Shared Documents/Folder2
migrationdestination,Documents,https://sohodragonlabs.sharepoint.com/sites/migrationdestination/Shared Documents/Folder2,1,1,https://sohodragonlabs.sharepoint.com/sites/migrationdestination/Shared Documents/Folder2
migrationdestination,Documents,https://sohodragonlabs.sharepoint.com/sites/migrationdestination/Shared Documents,3,3,https://sohodragonlabs.sharepoint.com/sites/migrationdestination/Shared Documents
migrationdestination,Documents,https://sohodragonlabs.sharepoint.com/sites/migrationdestination/Shared Documents,3,3,https://sohodragonlabs.sharepoint.com/sites/migrationdestination/Shared Documents
migrationdestination,Documents,https://sohodragonlabs.sharepoint.com/sites/migrationdestination/Shared Documents,3,3,https://sohodragonlabs.sharepoint.com/sites/migrationdestination/Shared Documents
migrationdestination,Documents,https://sohodragonlabs.sharepoint.com/sites/migrationdestination/Shared Documents,3,3,https://sohodragonlabs.sharepoint.com/sites/migrationdestination/Shared Documents
migrationdestination,Documents,https://sohodragonlabs.sharepoint.com/sites/migrationdestination/Shared Documents/Folder1,1,1,https://sohodragonlabs.sharepoint.com/sites/migrationdestination/Shared Documents/Folder1
migrationdestination,Documents,https://sohodragonlabs.sharepoint.com/sites/migrationdestination/Shared Documents/Folder1,1,1,https://sohodragonlabs.sharepoint.com/sites/migrationdestination/Shared Documents/Folder1
migrationdestination,Documents,https://sohodragonlabs.sharepoint.com/sites/migrationdestination/Shared Documents,3,3,https://sohodragonlabs.sharepoint.com/sites/migrationdestination/Shared Documents
migrationdestination,Documents,https://sohodragonlabs.sharepoint.com/sites/migrationdestination/Shared Documents,3,3,https://sohodragonlabs.sharepoint.com/sites/migrationdestination/Shared Documents
Web1,Documents,https://sohodragonlabs.sharepoint.com/sites/migrationdestination/Web1/Shared Documents/Test2,1,1,https://sohodragonlabs.sharepoint.com/sites/migrationdestination/Web1/Shared Documents/Test2
Web1,Documents,https://sohodragonlabs.sharepoint.com/sites/migrationdestination/Web1/Shared Documents/Test2,1,1,https://sohodragonlabs.sharepoint.com/sites/migrationdestination/Web1/Shared Documents/Test2
Web1,Documents,https://sohodragonlabs.sharepoint.com/sites/migrationdestination/Web1/Shared Documents,2,2,https://sohodragonlabs.sharepoint.com/sites/migrationdestination/Web1/Shared Documents
Web1,Documents,https://sohodragonlabs.sharepoint.com/sites/migrationdestination/Web1/Shared Documents,2,2,https://sohodragonlabs.sharepoint.com/sites/migrationdestination/Web1/Shared Documents
Web1,Documents,https://sohodragonlabs.sharepoint.com/sites/migrationdestination/Web1/Shared Documents,2,2,https://sohodragonlabs.sharepoint.com/sites/migrationdestination/Web1/Shared Documents
Web1,Documents,https://sohodragonlabs.sharepoint.com/sites/migrationdestination/Web1/Shared Documents,2,2,https://sohodragonlabs.sharepoint.com/sites/migrationdestination/Web1/Shared Documents
Web1,Site Assets,https://sohodragonlabs.sharepoint.com/sites/migrationdestination/Web1/SiteAssets,1,1,https://sohodragonlabs.sharepoint.com/sites/migrationdestination/Web1/SiteAssets
Web1,Site Assets,https://sohodragonlabs.sharepoint.com/sites/migrationdestination/Web1/SiteAssets,1,1,https://sohodragonlabs.sharepoint.com/sites/migrationdestination/Web1/SiteAssets
