Dest Web Title,Dest Library Title,Dest Url,Dest Library Count,Source Library Count,Source Url
migrationsource,Documents,https://sohodragonlabs.sharepoint.com/sites/migrationsource/Shared Documents/Folder1,1,0,
migrationsource,Documents,https://sohodragonlabs.sharepoint.com/sites/migrationsource/Shared Documents,3,0,
migrationsource,Documents,https://sohodragonlabs.sharepoint.com/sites/migrationsource/Shared Documents,3,0,
migrationsource,Documents,https://sohodragonlabs.sharepoint.com/sites/migrationsource/Shared Documents/Folder2,1,0,
migrationsource,Documents,https://sohodragonlabs.sharepoint.com/sites/migrationsource/Shared Documents,3,0,
Web1,Site Assets,https://sohodragonlabs.sharepoint.com/sites/migrationsource/Web1/SiteAssets,1,0,
