Web Title,Web URL,Document Library, Item Count
migrationdestination,https://sohodragonlabs.sharepoint.com/sites/migrationdestination,Documents,6
migrationdestination,https://sohodragonlabs.sharepoint.com/sites/migrationdestination,Maintenance Log Library,0
migrationdestination,https://sohodragonlabs.sharepoint.com/sites/migrationdestination,Site Assets,2
migrationdestination,https://sohodragonlabs.sharepoint.com/sites/migrationdestination,Site Pages,1
migrationdestination,https://sohodragonlabs.sharepoint.com/sites/migrationdestination,Style Library,0
Web1,https://sohodragonlabs.sharepoint.com/sites/migrationdestination/Web1,Documents,3
Web1,https://sohodragonlabs.sharepoint.com/sites/migrationdestination/Web1,Site Assets,1
Web1,https://sohodragonlabs.sharepoint.com/sites/migrationdestination/Web1,Site Pages,1
